{
  "project_info": {
    "project_number": "987312776236",
    "project_id": "egame-55b1c",
    "storage_bucket": "egame-55b1c.appspot.com"
  },
  "client": [
    {
      "client_info": {
        "mobilesdk_app_id": "1:987312776236:android:37314e7cf499ba9b559d89",
        "android_client_info": {
          "package_name": "com.mobdeve.g15.mco1"
        }
      },
      "oauth_client": [
        {
          "client_id": "987312776236-uh0qjsv985oof1rt51apl2h5b3scete3.apps.googleusercontent.com",
          "client_type": 3
        }
      ],
      "api_key": [
        {
          "current_key": "AIzaSyBNXAh1i0MmHHqyJcj8U-HtJMYTm2-pr8g"
        }
      ],
      "services": {
        "appinvite_service": {
          "other_platform_oauth_client": [
            {
              "client_id": "987312776236-uh0qjsv985oof1rt51apl2h5b3scete3.apps.googleusercontent.com",
              "client_type": 3
            }
          ]
        }
      }
    }
  ],
  "configuration_version": "1"
}